Symbol,SumWeights
AAPL,12.33850001950001
MSFT,12.314599973600002
AMZN,9.322299939999999
FB,6.156899961499998
GOOGL,5.319000012799998
NVDA,4.734399987500001
TSLA,4.492400020599999
00700,3.999499987299999
GOOG,3.6273000300000002
JPM,2.981100020099999
JNJ,2.9396999884999997
2330.TW,2.934800023
TFDXX,2.7854998
DAPXX,2.697099995
BABA,2.4665999732999997
BRK.B,2.2790999970999994
XOM,2.2404999849999996
09988,2.1250000035
NESN,2.0556999886
VZ,2.0089999889
V,2.0018999961
AGPXX,2.0000999988
03690,1.9074000149999994
FTIXX,1.857300011
ASML,1.8541999965999996
ROG,1.8336999797999998
PYPL,1.8020000030000003
HD,1.7833000035000002
PG,1.7771000080000003
QQQ,1.7675999949999999
005930.KS,1.7659999959999997
UNH,1.7185000009999998
CSCO,1.7047999720000004
CVX,1.592700012
BAC,1.4408000104999998
AMT,1.4023999879999998
PLD,1.3869999924999998
UBM21,1.3858
INTC,1.3758999954999998
ADBE,1.3754999930000003
NEE,1.342999996
XTSLA,1.2811999904
PFE,1.2810999900000002
INFY.BO,1.2355999931000003
ABBV,1.211399997
TPIXX,1.2044000003000002
NIO,1.194300007
MA,1.1675999955000005
ENB.TO,1.1627999900000001
NOVN,1.1586999971
FXFXX,1.1461000000000001
PM,1.1453999959999999
JD,1.1367000025
IVV,1.116699999
WMT,1.1122000115000001
XLK,1.110300015
EQIX,1.103899996
WFC,1.1008000185000002
TXN,1.0955000035000002
T,1.0949000015000003
MRK,1.079200007
QCOM,1.0791999989999996
7203,1.0646000081999998
MC.PA,1.0478999975
RIO.L,1.0425999814999998
SQ,1.040499984
SAP.DE,1.0364999992
ULVR.L,1.0287999959999998
TLT,1.007899995
ZNM21,0.9995
AVGO,0.989000008
CCI,0.9782999800000001
VALE3.SA,0.9578999940000001
DIS,0.9423999919999999
NOVO B,0.9382999970000004
PEP,0.9232000091999999
NKE,0.9032999879999998
XLY,0.900800016
ZNU21,0.893999983
NFLX,0.8895999929999999
TGT,0.8894000013000002
SPY,0.888000012
LLY,0.8793000005
CRWD,0.878199989
SHOP.TO,0.8604000045999998
KO,0.8566999889999999
TSM.TW,0.855299993
LIN.L,0.8529000059999999
HOLD,0.85229998
CMCSA,0.8501999975
BIDU,0.8445000049999999
PSA,0.828700005
TMO,0.8134999914000001
BHP.AX,0.8052000000000001
ENPH,0.804600009
00939,0.7997999971
NEM,0.79370002
VTI,0.7854999970000001
RELIANCE.B,0.7820999975000001
KMI,0.771199987
01299.HK,0.7683000028999999
XLF,0.767400014
WMB,0.765100002
IBM,0.7640999905
SIE.DE,0.754500006
COP,0.7532000045000001
TRP.TO,0.742099998
CRM,0.737499992
600519,0.731800004
ZFU21,0.7258000000000001
ULTR,0.7210999969999999
DHR,0.718000018
EPD,0.714300001
ALV.DE,0.7125999890000001
COST,0.7060000046999999
FTNT,0.7039000004999999
ZBU21,0.7031000000000001
DE,0.7017000045
MELI.SA,0.7009
AMD,0.698999992
SE.SI,0.6866999990000001
NTES,0.6677000009999999
GSK.L,0.665299994
DUK,0.664399999
GILD,0.658899986
300750,0.6565999960000001
GLDM,0.65559995
MRNA,0.6538999960999998
XLV,0.653499995
WELL,0.651800003
NET,0.6506000027000001
02269,0.649599995
DLR,0.6475000030000001
NPN.JO,0.6440999980000001
TLRY.TO,0.640600006
GS,0.6386000045000001
UNP,0.635700001
UPS,0.6272000024999999
AZN.L,0.6252999941999999
BILI,0.622599996
SAN.PA,0.6165000019999999
ADM,0.616400004
AMGN,0.616300004
ORCL,0.613499999
C,0.6111999969999999
EBAY,0.6038000016
SNAP,0.6026000010000001
HDFC.BO,0.6005999995
MO,0.5964999959999999
LOW,0.5938000029999999
PDBC,0.5932999979999999
VWO,0.58900002
VCSH,0.588100003
WPM.TO,0.587199994
EOG,0.581300005
OKE,0.5779000099999999
MRVL,0.5729000095
HON,0.5666999979999999
ACN,0.5621999945
LQD,0.5599
AMAT,0.558900001
RTX,0.557900001
AWK,0.5504
SEDG,0.5495999976
XLI,0.5493000140000001
ECL,0.545700003
ROKU,0.5357000015
IDXX,0.5321000024000001
ZTU21,0.53100001
BA,0.527700002
ENEL.MI,0.524200005
ET,0.515400007
DAI.DE,0.513500006
FGTXX,0.509799993
AVB,0.5072999950000001
CTVA,0.5052000000000001
VWS,0.5002999969999999
02318,0.5001000015
CVS,0.4993999928
TWLO,0.498700003
EXC,0.49869999699999995
NTR.TO,0.4883999969999999
MCD,0.48820000290000004
TWTR,0.48819999799999997
PDD,0.48030000400000006
ZS,0.478400004
LNG,0.477099998
SRE,0.475700002
DOCU,0.47490000250000003
REGN,0.47339999200000005
SPOT,0.472999992
FCX,0.4709999915
FDX,0.468400013
WEED.TO,0.467200004
COF,0.4625000094000001
HYG,0.461400004
BAB,0.46029999
GME,0.45990000600000003
BMY,0.4574
VEA,0.4555
IEF,0.4547
BAS.DE,0.4487999999999999
ADI,0.44609999599999994
LMT,0.44560000000000005
TCS.BO,0.4425000030000001
CWB,0.442500003
ATVI,0.440100002
RY.TO,0.4389000037
PEG,0.434200009
VALE.SA,0.433699988
ABT,0.431600004
000858,0.43150000400000005
SO,0.424699998
A,0.42340000450000004
SHW,0.42119999900000005
PLUG,0.420700005
BIIB,0.41610000230000005
OXY,0.4154
MS,0.4149000049999999
BATS.L,0.4145999965
MMM,0.413999995
OR.PA,0.41249999950000005
PFF,0.40950000000000003
IP,0.4083
GD,0.4082000015
D,0.407300002
SPG,0.403999997
DCP,0.403700005
PAAS.TO,0.401
ILMN,0.399100001
DPW.DE,0.3973999990000001
FMG.AX,0.39729999930000004
XLC,0.392800005
SYLD,0.39239999999999997
AXP,0.3908999885
ZTS,0.39070000000000005
CCO.TO,0.389
KAP,0.38859999
DHI,0.388200003
GM,0.38769999949999995
MPLX,0.38650000700000003
BAYN.DE,0.3851000025
PXD,0.3848000040000001
6758,0.3838999995
DOW,0.3836000088
XEL,0.383500004
BBCA,0.3824
SBAC,0.37970000800000003
ASHX,0.3796
MDT,0.37819999699999995
ADYEN,0.3741
DTE.DE,0.3722000015
GLOB,0.37139999999999995
MDLZ,0.37080000180000006
ZM,0.370799999
BKLN,0.3688
ESU21,0.3659
FGXXX,0.3634000013
RUN,0.36179999999999995
MPC,0.36130000100000004
SRLN,0.3593
SM,0.358500003
TTE.PA,0.3585000024999999
QQQJ,0.35849997
SLB,0.35729999599999995
SBER,0.35429999700000003
NSC,0.353199999
BAR,0.3478
OKTA,0.345600003
GRWG,0.340200004
6861,0.3389000002
LRCX,0.338499995
HYLS,0.3379
NUE,0.33740000099999995
TD.TO,0.337199996
NEA,0.3365
NLY,0.33620000000000005
GVMXX,0.334100001
IEFA,0.333999997
ICICIBANK.,0.3315
HL,0.331299997
HPQ,0.33100000100000004
KR,0.33080000099999995
NTLA,0.3300000050000001
BISXX,0.32979999800000004
MMP,0.329600004
FNV.TO,0.32930000000000004
CBA.AX,0.32919999950000006
ABBN,0.328999998
XYL,0.3278
LEN,0.3273
BLK,0.32629999899999995
VOE,0.32469999
VTR,0.3244
INTU,0.320900006
500696.BO,0.32089999799999996
00388.HK,0.319500001
IUS,0.318900002
NOC,0.3188999985
IYR,0.31779999999999997
PNC,0.3169000055
AEP,0.316799995
RPG,0.316599995
IBE.BC,0.315400001
ABX.TO,0.31379999999999997
XLE,0.313700005
EQR,0.311200004
LHX,0.311099999
9434,0.308800002
MSTR,0.3087999994000001
TMUS,0.3087999975
01211,0.30870000400000003
CHTR,0.3078
TRMB,0.30589999999999995
TECH,0.3036000000000001
PSX,0.302200008
NOW,0.299100001
SKOR,0.2991
MU,0.29830000100000004
TIP,0.2979
FSLR,0.29640000099999997
PLW,0.295599996
EXR,0.293200002
PPL.TO,0.293200001
SHV,0.29280001
FR.TO,0.290200004
006400.KS,0.289199994
SBUX,0.288399999
MSI,0.28730000099999997
601012,0.286300001
D05.SI,0.285499995
PHB,0.285300006
00916,0.2849999998
VRTX,0.28459999700000005
VAMO,0.2845
SNDL.TO,0.2845
ARCC,0.284099989
CARR,0.28340000200000004
AXON,0.281500003
00968,0.2804
HUBS,0.280099998
NBK,0.2795999905
DNBH,0.27889998800000004
KSU,0.2783
ACB.TO,0.27820000500000003
DDD,0.277099994
PHM,0.27660000300000004
WBA,0.2766000006
600036,0.27580000400000004
NAD,0.2752
VVR,0.2749
INDA,0.274899997
AMC,0.2740000042
GE,0.272499997
AGNC,0.27159999949999997
FANG,0.27110000100000003
PAA,0.2705
XPEV,0.270000003
DDOG,0.268999998
WAT,0.267499994
HDFCBANK.B,0.267299996
DTRXX,0.26700002
MBB,0.266999995
GII,0.266700002
SU.PA,0.26580000100000006
WES,0.26540000599999997
TEL,0.264899992
FVRR,0.264800002
JCI,0.26439999999999997
CRL,0.263900001
SLYV,0.2629
BNTX.DE,0.2628
ORSTED,0.2627
EYLD,0.2626
CRSP,0.26129999639999996
ISRG,0.26120000200000004
COIN,0.26059999899999997
MRO,0.258600004
DGE.L,0.2581000025
EXPE,0.2575
VPL,0.2571
00823.HK,0.25610000099999997
EXPD,0.25590000030000004
APD,0.2555
WY,0.255300004
WM,0.2542000021
FSK,0.2541
CIM,0.253300001
DAL,0.2529
PNR,0.252700002
02382,0.2514
GAZP,0.250899998
PINS,0.2505000009
DRE,0.249500001
ZLAB,0.24950000000000003
GRMN,0.24900000500000002
VRIG,0.2485
EQNR,0.2484
LUV,0.247900007
XLP,0.24760000399999998
SWKS,0.24709999900000001
BBRI,0.246700004
9984,0.246299999
GNR,0.24610001
SCHW,0.24520000700000003
TSN,0.2433
BGB,0.242699992
RBLX,0.241599998
GEBN,0.241400002
NVR,0.24090001100000002
VUG,0.240399999
TDOC,0.24010000400000003
ALL,0.2396999997
IBDO,0.2394
TTD,0.23910000380000002
CNR.TO,0.23889999899999997
MCO,0.2381
PETR4.SA,0.237700004
FAB,0.23759999999999998
KFH,0.23709999899999998
EDP,0.23629999
RGLD,0.23609999999999998
F,0.23580000330000003
ADS.DE,0.23579999399999998
VIAC,0.23570000000000002
AVGOP,0.235500005
TRGP,0.23520000200000002
CSL.AX,0.2339000035
8035,0.233900001
CMG,0.2331999943
BKNG,0.232799999
CAT,0.232799998
ALB,0.232200001
PANW,0.23189999699999997
BGNE,0.231399996
WES.AX,0.2309000003
POLY,0.22960000800000002
USB,0.22889999900000002
VLO,0.22870000099999999
BND,0.2287
OMFL,0.22859999999999997
PKI,0.228299999
HES,0.228100005
SSRM.TO,0.2278
SPGI,0.2277
EQT,0.22760000300000002
SHY,0.22679998499999998
BAP,0.22659999
NICE,0.226199993
VER,0.22569999999999998
7974,0.225
O,0.224800003
RSG,0.22470000009999996
XLB,0.22460001
601318,0.22429999999999997
BP..L,0.22320000650000002
OMCL,0.22320000200000006
ROP,0.223099994
WIX,0.222499999
PTON,0.222299999
SCCO,0.2216
2317.TW,0.221300004
STWD,0.221
GNRC,0.220699996
HSY,0.21939999939999996
JNK,0.218000005
EMLC,0.2163
EFA,0.21559999999999999
IIPR,0.2153
SI,0.215199998
APTV,0.21510000149999997
IWM,0.2139
IWS,0.213299996
VRNS,0.2132
ISA,0.213100004
VNA.DE,0.2126
SIVB,0.212300003
ETSY,0.21230000100000002
MAR,0.21119999
DKNG,0.209600003
RDSA.L,0.20959999599999996
CZR,0.20929999829999998
ITUB4.SA,0.20879999999999999
MXIM,0.20750000000000002
WTRG,0.207099997
BNS.TO,0.20590000300000003
ABNB,0.20550000000000002
IEMG,0.20549999700000002
VEEV,0.20539999799999997
SLYG,0.205
FERG,0.2039
BEKE,0.2033
NXPI,0.202799995
ANTM,0.20209999860000002
LI,0.201100009
01398,0.201100004
AOS,0.201099997
GIS,0.200900002
VFF.TO,0.2004
MOH,0.19960000120000002
HSBA.L,0.19960000000000003
PSXP,0.1978
02020,0.197600002
HP,0.197
00016.HK,0.196699999
LKOH,0.196500005
EL,0.195899998
IBDN,0.195500001
TQQQ,0.19540001
UBU21,0.195299998
NEP,0.1946
CRON.TO,0.19430000300000003
CELH,0.193899995
SPLK,0.1937
TCOM,0.193000002
DVN,0.192699999
NVCR,0.19130000200000002
PGR,0.191199999
CHKP,0.1911
YUMC,0.190900004
VGK,0.189699998
BIL,0.1893
HLT,0.188700003
IRM,0.1883999985
000660.KS,0.1875000003
DISH,0.186900001
CSX,0.18680000000000002
ODFL,0.185700002
UAL,0.1857
LH,0.1855
03968,0.18530000000000002
LNT,0.18529999849999998
TDG,0.18509999700000002
TNU21,0.1849
CDNS,0.18460000099999999
00857,0.184400006
GMG.AX,0.18399999899999997
KNEBV,0.18390000199999998
MTD,0.18379999200000002
OTIS,0.18360000399999998
STLD,0.18360000280000002
LUMN,0.183199998
FPH.NZ,0.1825
DD,0.182000002
01810,0.1819
VOW3.DE,0.18180000000000002
APPS,0.18109999999999998
035420.KS,0.18059999899999998
GALP,0.18040001
00006.HK,0.180299996
8306,0.179200001
MGM,0.1790999985
DGCXX,0.1789
FITB,0.178799998
EIX,0.17850000349999998
BNDX,0.1784
ENSG,0.1777999998
SPEM,0.177300004
BG,0.177000002
KTOS,0.17679999500000002
COR,0.17639999760000002
JBHT,0.175899997
SAM,0.175799998
6501,0.17569999749999998
EA,0.17529999659999998
CL,0.17489999750000002
AKTS,0.1748
VBR,0.1743
NVG,0.1743
MED,0.174200001
SRET,0.1737
DSV,0.173699998
300760,0.172899997
UPM,0.172599999
SGRO.L,0.1710000003
IFX.DE,0.1707
U,0.17069999800000002
DG,0.1704000005
GLEN,0.170399995
CRTO.PA,0.17019999800000002
NESTE,0.1695
KL.TO,0.1691
BPOP,0.16899999799999998
035720.KS,0.16890000000000002
VIE.PA,0.168700002
CHGG,0.1684
CTLT,0.168300003
AMXL.MX,0.1678999995
PPG,0.167600005
002475,0.1674
FRPT,0.16690000039999997
DFS,0.16649999869999998
MISXX,0.1647
01171,0.16450000599999998
NLOK,0.16360000000000002
500034.BO,0.16339999899999996
CINF,0.163200002
GMEXICOB.M,0.1628
IBDP,0.1627
ISDX,0.162699996
MTDR,0.162400002
SAIA,0.1621999989
NG..L,0.16210000400000002
GDS,0.16210000000000002
ALXN,0.162
DASH,0.16179999899999997
BX,0.1611
6594,0.1608999976
RIGD.BO,0.160700002
SPIB,0.1607
IBDQ,0.1607
SPCE,0.16020000099999998
DWNI.DE,0.159899998
LMBS,0.15979999
NPI.TO,0.159700009
2603.TW,0.15969999699999998
AGG,0.15960000000000002
02899,0.1595
AI.PA,0.1591
IBDM,0.158400001
NOKIA,0.15810000000000002
SJM,0.158099996
VCIT,0.157999997
XLRE,0.1575
IRDM,0.157
KGH,0.156400002
SAHXX,0.15630001
CLR,0.1560999995
HTO,0.1559
VMW,0.1559
MAA,0.15530000100000002
LIN,0.1549
532215.BO,0.1548
ETN,0.154599999
MARA,0.1545000035
PFPT,0.154399999
SPYD,0.154
2454.TW,0.153500001
ARE,0.15329999800000002
STX.SI,0.15299999700000003
AVTR,0.152800004
AD,0.15219999900000003
STZ,0.151999997
XLNX,0.15139999999999998
CPE,0.15139999999999998
UUP,0.1512
00386,0.1511
RIO.AX,0.1511
01919,0.151
ZBRA,0.15090000350000002
PLTR,0.150899996
SPDW,0.1508
WORK,0.1504999987
WSM,0.1504999987
SBNY,0.1500999982
AMCX,0.15
HUYA,0.15
O39.SI,0.149699994
BBY,0.149199998
EC,0.14899999
VICI,0.148799998
FEMB,0.1487
VGLT,0.1487
CUBE,0.14840000150000002
CCOI,0.148299996
VNQ,0.14829999
4063,0.1475999995
CROX,0.1472999986
PDCE,0.1472
GTCO,0.146999997
ECOPETROL,0.1464
PTEN,0.1448000032
GHY,0.144699996
8801,0.1445
TDY,0.14429999799999998
IFF,0.1441
LYB,0.144
CB,0.143900006
ABR,0.14379999999999998
PEAK,0.14379999999999998
EIM,0.143500001
MAG.TO,0.143399994
6098,0.14330000399999998
VMC,0.143299999
BE,0.143200003
06098,0.143000006
CPK,0.142600003
GLPI,0.1426
ETRN,0.14200000000000002
BBDC4.SA,0.141899997
CGNX,0.14169999949999998
APO,0.1416
ORI,0.14150000000000001
BCOLOMBIA,0.14149999600000002
BK,0.1406
ETISALAT,0.140599995
BMW.DE,0.140500002
PFG,0.1405
SNOW,0.1404
WFCPL,0.140200001
SPK.NZ,0.140100001
NVTK,0.139899998
6326,0.1398
YRI.TO,0.1398
CLF,0.1394
GOVT,0.139199996
FPE,0.138900001
AZO,0.1387
CPT,0.1386000007
SQM-B,0.1384
ETR,0.13820000500000001
500820.BO,0.137999996
IIM,0.1379
SGRE.BC,0.1377
MP,0.137399997
TAN,0.1372
OGI.TO,0.13679999999999998
SGEN,0.13679999799999998
RIV.TO,0.136599998
TJX,0.136499999
DXCM,0.13649999699999998
VTA,0.136400002
HDB.BO,0.13619999600000002
MAXR,0.136
GFNORTEO.M,0.135700004
MSCI,0.135699998
CMS,0.1354999975
CDE,0.13540000400000002
PETR3.SA,0.135199998
SNPS,0.1351000025
601888,0.1349999995
FCGXX,0.1349
AOT-R,0.1347
AIG,0.13449999999999998
III.L,0.1344
UGI,0.13439999949999998
JAZZ,0.134399996
ESTC,0.1337
BLDP.TO,0.133600002
EXAS,0.1336
WBC.AX,0.1336
KLAC,0.13319999999999999
ORBC,0.1331
01193,0.133
PACB,0.1327999995
ROSN,0.132799997
RRC,0.132700001
FORTUM,0.132499998
WEC,0.1321000035
02688,0.132
CIB,0.1317
MNOD,0.131400004
AAL,0.1311
SPLB,0.13090000000000002
NEL,0.1308
00384,0.130700002
MDB,0.1306
SCMN,0.1306
HYLB,0.13040000000000002
PFBCOLOM,0.1299
TXG,0.129899997
DAR,0.12960000300000002
ICE,0.1293
RGEN,0.12919999699999998
LSTR,0.12910000100000002
TTC,0.1290999998
WAL,0.129099997
CCL,0.1289999995
PPL,0.128899999
ELET3.SA,0.1288
BMO.TO,0.128799997
INVE B,0.12860000000000002
ANGL,0.1283
CCU,0.128299997
PRU,0.128
PGHN,0.127999996
DGX,0.1278000008
TECK.B.TO,0.127799998
GTLS,0.1276000015
02331,0.1276
HEXO.TO,0.127599994
02313,0.127499998
BAH,0.127199999
BAM.A.TO,0.127000001
SLAB,0.12699999820000002
IUSS,0.126999998
FLGT,0.12689999799999999
CHILE,0.126899995
01833,0.126600002
VSS,0.1266
CENCOSUD,0.126299999
AR,0.1260999995
MAERSK B,0.12599999499999998
OMC,0.12590000299999998
SSE.L,0.12590000199999998
AMP,0.125899998
MNST,0.125800002
KMB,0.1257000004
ANET,0.125500001
BILL,0.1255
AJG,0.125400002
UBER,0.125399997
AVA,0.12520000199999998
MOWI,0.1252
300015,0.12510000000000002
LKOD,0.125
GLXY,0.1248
APT.AX,0.124700005
ALNY,0.12470000199999999
RMD,0.1241
GLTR,0.123799998
WFG.TO,0.12350000119999999
XME,0.12309999999999999
ARNC,0.123099998
FALABELLA,0.12300000300000001
FIVN,0.1229000029
CVNA,0.122500001
ENT.L,0.1225
MYI,0.122399999
5020,0.1222
067160.KS,0.122000002
9433,0.12160000050000001
9432,0.1214
HPE,0.12129999799999999
RCL,0.121099996
IPG,0.12099999880000001
CNHI.L,0.1209000025
TROW,0.1206000015
NTAP,0.1204999993
ILPT,0.120200002
7267,0.1200999995
ALRM,0.119500001
TT,0.1195
MBSD,0.1193
CBKD,0.119
IEX,0.118800002
VIC,0.1187
HYFM,0.1184
TBF,0.1183
VALT,0.118
RDSB.L,0.11770000130000001
FIS,0.1176
UPWK,0.117599999
B3SA3.SA,0.11720000500000001
FLOT,0.117
FYLD,0.11689999599999999
AWR,0.1167
HII,0.11669999900000001
TDC,0.11669999890000002
TER,0.1166
LSI,0.1165
MVF,0.1165
TPL,0.11649999800000001
PRX,0.11649999500000001
EDV.L,0.11610000000000001
01548,0.11609999799999998
COG,0.11599999999999999
RH,0.11599999999999999
TTGT,0.11599999899999999
MIN.AX,0.11599999799999999
WCN.TO,0.1158
OVV,0.115799999
HAL,0.1157
PSEC,0.115699998
PBH,0.11550000480000001
LB,0.1155000013
SCHZ,0.1154
BIO,0.1153
ZNGA,0.115299998
KEYS,0.1152
FLTR.L,0.11510000000000001
NAB.AX,0.115
ENG.BC,0.114899999
JEF,0.114899998
PTT-R,0.114700002
SMPH,0.1145
TWO,0.114400002
GGG,0.1143999995
GMAB,0.11430000000000001
MEL.NZ,0.114199996
SHL.DE,0.114100002
KNIN,0.113999998
MMC,0.11389999999999999
2615.TW,0.113699999
CHX,0.113600003
WALMEX.MX,0.113599995
600276,0.11349999599999999
KOTAKBANK.,0.1134
002594,0.113199999
ISP.MI,0.1127
SDY,0.1122
02319,0.1121
M,0.11209999999999998
ITM.L,0.11209999699999999
CP.TO,0.111900005
GBDC,0.111900005
ADSK,0.11190000029999998
MET,0.11180000000000002
BMRI,0.1118
TSLX,0.111100002
PNCPP,0.110899999
01093,0.11089999599999999
ISD,0.1108000005
BGS,0.11079999999999998
LMND,0.1107
01024,0.110599999
DG.PA,0.1105
NRZ,0.1104
XMLV,0.11019999999999999
UFS,0.1101
CI,0.110099999
GVAL,0.11
VYGR,0.10999999999999999
STAA,0.1099999998
SWBI,0.1099
TLKM,0.1099
HBAN,0.109899999
KHC,0.10980000000000001
KKR,0.109700002
LBRT,0.10969999999999999
IJR,0.10959999999999999
PBTP,0.1094
01113.HK,0.1091999995
RIG,0.108999998
SAMPO,0.108900005
UDR,0.1089
COPEC,0.10880000000000001
CM.TO,0.108600002
01177.HK,0.108300001
DBX,0.10829999799999998
BF.B,0.10819999999999999
TCL.AX,0.10819999999999999
LYFT,0.10809999700000002
COLD,0.108
MTCH,0.107999999
WMS,0.1078
STOR,0.10769999799999999
HASI,0.1075
FATE,0.1074
EDPR.BC,0.107399998
SCHE,0.1073
SWN,0.10700000000000001
ANZ.AX,0.106400002
01109,0.1064
PCG,0.10629999899999999
STLA,0.1061
EUROB,0.106000006
U.TO,0.10589999900000001
CFR,0.1057
TSCO,0.10569999999999999
AAP,0.10549999900000001
09618,0.1054
XEC,0.105399995
SPLV,0.10519999999999999
XSLV,0.105100003
PAYX,0.1050999985
BTO.TO,0.10500000000000001
CONE,0.105
EMR,0.104799999
IMP.JO,0.104799998
PKO,0.10479999
IJGXX,0.10479999
DBO,0.1047
XLU,0.104399994
ORLY,0.10410000300000001
YMU21,0.1041
051910.KS,0.10399999999999998
HPG,0.1039
IJT,0.1038
CYBR,0.10369999899999999
NVAX,0.10359999980000001
6702,0.10350000000000001
YAR,0.1034
ZURN,0.103399998
ALE,0.103300005
TESXU1,0.1033
UNFI,0.1032
CHUY,0.103199997
SYY,0.103099998
EDU,0.10290000299999999
NS,0.1028
NXE.TO,0.102600004
01772,0.102599998
SPTL,0.10250000000000001
SMED,0.1019
VEDL.BO,0.10189999999999999
RIOT,0.1018999997
NEO,0.1018
EPAM,0.10179999919999999
NUAN,0.101700005
00270,0.101699999
QRVO,0.101600004
SPXL,0.1016
ATH,0.1014
FICO,0.1013000011
KOMP,0.1013
UPRO,0.1012
MDKA,0.10119999799999999
FYX,0.1011
EMIRATESNB,0.1011
AKAM,0.101000002
ONEX.TO,0.10100000029999999
BEP.UN,0.10070000000000001
2412.TW,0.10070000000000001
688111,0.100600004
ASII,0.1006
ERII,0.100599999
BBL.L,0.1003
532977.BO,0.1002
2010,0.1001
CHK,0.1000999959
GMKN,0.100000002
NSTL,0.1
SGMS,0.09999999960000001
BHP.L,0.099999998
BCPC,0.099900005
ARI,0.09989999999999999
UTHR,0.0998999997
WST,0.09979999850000001
00688,0.0997
IGSB,0.0995
RVLV,0.0994000015
YPS,0.099300005
OPAP,0.099300005
ARDC,0.09920000000000001
ZFU1,0.099
EBND,0.099
TOU.TO,0.09870000100000001
CFG,0.09860000099999999
OSK,0.09850000279999999
AA,0.09849999820000001
06969.HK,0.0984
DSY.PA,0.098399999
ELAN,0.098399998
ELS,0.098399997
OMF,0.098300003
INVH,0.0983
PII,0.09820000000000001
000651,0.09819999800000001
600887,0.09809999999999999
SBRA,0.098
ARKF,0.09770001
ITRI,0.0977
IEI,0.097699995
FNX,0.09729999
PBR.SA,0.0972
K,0.09709999999999999
DELL,0.09689999929999998
LDOS,0.09689999799999999
BLNK,0.09689999
TME,0.096699998
SEE,0.09650000079999999
PENN,0.09649999999999999
ARW,0.0963999991
SYNA,0.0963
ENTG,0.0962999992
ARKG,0.096
OLN,0.095999999
CWR.L,0.095999997
RYN,0.0959999938
KSS,0.095900001
FXY,0.0958
TPX,0.09570000000000001
K.TO,0.0954000005
DPH.L,0.09530000450000001
LPX,0.0952000003
HCLTECH.BO,0.09489999899999998
PNW,0.094899998
SNV,0.0947999972
CEZ,0.094700003
APH,0.09469999999999999
CAG,0.0946999985
ALLYPA,0.094600002
AVY,0.09459999799999999
ALGN,0.0945
MMU,0.0945
UVV,0.09449999799999999
NHY,0.0944
PCTY,0.09439999900000001
CERN,0.0943
DOX,0.0942
AMH,0.0942
MAIN,0.0941
PGF,0.0941
600309,0.09409999699999999
SUI,0.093999997
POWI,0.0938999988
AIA.NZ,0.0938
NDAQ,0.0937
RTYU21,0.093600005
BPMP,0.0936
VHM,0.09359999899999999
TRNFP,0.09340000600000001
BXMT,0.09340000000000001
NZF,0.0933
CCEP.L,0.093299998
EWBC,0.092900004
CTT,0.0929
CSGP,0.092899999
BRKS,0.0925
01088,0.0925
SK3.IR,0.092499998
RNG,0.0924
OLED,0.092300002
SMSN.KS,0.092099998
BCE.TO,0.092000001
BIMAS,0.092
BNP.PA,0.091699995
STAG,0.0916
WDFC,0.0916
OMI,0.0915
SIG,0.09130000070000001
FAF,0.0912
BURL,0.09080000079999999
603799,0.0907
00027.HK,0.090699998
MT.SA,0.090600001
EVO,0.0905
HSKA,0.090100003
CQP,0.0901
IGIB,0.09
FISV,0.08979999999999999
WRK,0.089599997
00291,0.089499995
BSCL,0.089499995
ALI,0.089499995
PKX.KS,0.089400001
AMED,0.08939999700000001
CPZ,0.08939999
PAWZ,0.0892
GHC,0.0891000006
000270.KS,0.08909999900000001
AENA.BC,0.089
ONLN,0.088999994
WIT.BO,0.088900001
SPSB,0.088800001
MTNN,0.08879999999999999
SCC-R,0.0887
DIVISLAB.B,0.0887
MLM,0.0887
REL.L,0.08860000300000001
BMI,0.088599998
CHWY,0.0885
MRW.L,0.0884999996
GEB,0.088499997
VTV,0.08829999799999999
FLL,0.088200002
DWX,0.088199995
TRUP,0.08799999750000001
RHI,0.087900002
6954,0.0879
RICK,0.087800002
NUTRESA,0.087799996
TXT,0.0877
IVN.TO,0.08750000299999999
EW,0.0875
MAV,0.0875
MYRG,0.087499998
TAEE11.SA,0.08740000099999999
AAL.L,0.0871
EFG,0.0871
SEV.PA,0.086900003
FOXA,0.08689999649999999
ORK,0.0868
GGAL,0.0867
CBSH,0.086400004
XPO,0.0862000009
AMBA.TW,0.08620000000000001
MNDI.L,0.0862
CNC,0.0861999993
BFAM,0.0861
FNDE,0.0861
YPF,0.0859
ATO,0.0859
SJI,0.0858
LBRDK,0.08569999780000001
PWR,0.0854999996
CSNA3.SA,0.08510000000000001
TIPX,0.0851
BXMX,0.085099999
LVMUY.PA,0.085000001
JKS,0.08499999999999999
PDN.AX,0.084999999
APPN,0.08490000169999999
CDNA,0.0849
FEYE,0.0847
AGR,0.0842
TCS,0.0842
096770.KS,0.08380000000000001
531642.BO,0.08380000000000001
DJUN,0.0838
PAPR,0.0838
SSPK,0.0838
DAPR,0.0837
PMAY,0.0837
00392,0.0837
8802,0.08360000000000001
ORCC,0.0836
DMAR,0.0836
DMAY,0.0836
PMAR,0.0836
UU..L,0.08359999900000001
DFEB,0.083500005
DJAN,0.083500005
PJAN,0.083500005
PFEB,0.083500005
DOCT,0.0834
PSEP,0.0834
PDEC,0.0834
AGRO.SA,0.0833
DDEC,0.0833
CEMEXCPO.M,0.0833
FRC,0.083200002
PJUN,0.0832
POCT,0.0832
PSON.L,0.0832
DAUG,0.083100006
PNOV,0.083100006
CWT,0.083100006
DNOV,0.083000004
TCEHY,0.083000004
2609.TW,0.08299999999999999
JNPR,0.0828999995
300142,0.0828
00268,0.0828
03988,0.082799995
9020,0.082700002
00836,0.0827
HTRB,0.082600005
SAVA,0.0826
NUS,0.0825
SCHC,0.0825
PEO,0.08249999799999999
LOGN,0.08249999599999999
FEMSAUBD.M,0.082399994
02007,0.08230000000000001
JMAT.L,0.0822
GPN,0.082100002
GSBD,0.08200000299999999
STRL,0.0818
DSKY,0.08140001
WH,0.081400002
00788,0.08130000000000001
DML.TO,0.08130000000000001
SRPT,0.081200002
BHARTIARTL,0.081199998
JJSF,0.081099997
SVT.L,0.081000003
01801,0.081
MAC,0.0809999988
06186,0.08080000000000001
KDP,0.080799997
603501,0.080699995
OGZD,0.080699995
KINV B,0.0805000003
CDEV,0.0805000002
SRU.UN.TO,0.080400001
SRG.MI,0.0803000005
MPWR,0.08030000000000001
LXFR.L,0.08029999900000001
IBN.BO,0.0802
SSA,0.0802
EREGL,0.0802
WFCPQ,0.080000002
300014,0.0799
NNN,0.0799
HTGC,0.0797
603288,0.0797
STERV,0.079500001
KREF,0.0795
FWONK,0.0795
CRDA.L,0.079399999
ZENITH,0.0793
MCY.NZ,0.07920000299999999
SJR.B.TO,0.07919999999999999
GH,0.0791
BV,0.0791
507685.BO,0.0791
TITAN.BO,0.0791
OPI,0.0791
PFDAVVNDA,0.0788
EMD,0.0788
00175,0.0787
PMT,0.0787
ZTO,0.078600004
CLNX.BC,0.0786000023
DPZ,0.0785
000568,0.0785
EXPO,0.078499999
BOTZ,0.0783
500825.BO,0.078200005
WPC,0.078200005
CLOU,0.078200005
AMS.TW,0.07819999999999999
SMLR,0.0781
TMDX,0.078099999
NYCB,0.078099996
TRV,0.078
AMKR,0.07799999999999999
SEM,0.077999999
CHRW,0.077999998
U11.SI,0.077999995
SIL.TO,0.077900003
000333,0.077900002
VOT,0.077800006
AMRS,0.07769999999999999
BMRN,0.07769999799999999
GNL,0.0776
BVN,0.077399998
VRSN,0.0773000003
UNM,0.0773
NHI,0.0773
ATW,0.077200001
MDP,0.07719999799999999
HXL,0.077100002
1925,0.0771000005
VLUE,0.077
NRG,0.0769
PKN,0.0767999995
ESPO,0.076799996
URW.PA,0.076600004
MSGS,0.0766
MXI,0.0765
VGIT,0.0765
TEF.BC,0.0764999985
VIV.PA,0.076499997
IAM,0.0764
ERJ.SA,0.07629999999999999
CLX,0.07629999950000001
VNM,0.0762
FUTR.L,0.076000004
PBCT,0.076000001
00960,0.076
CHPT,0.07580000099999999
EAST.CA,0.0757
INGR,0.07569999999999999
NMFC,0.07569999599999999
AGO,0.0755000011
01044,0.075499999
VALMT,0.0754
HLMA.L,0.0753
PERI,0.0753
CNXC,0.075200001
DSL,0.075
ANF,0.0749999988
ANDINA-B,0.0749
500096.BO,0.0749
FTI,0.0749
VNLA,0.0748
KNT.TO,0.0748
HEP,0.074600001
532424.BO,0.0746
MANU.L,0.0746
EVV,0.074500004
AM,0.0745
NBR,0.074499998
EMDU21,0.07440000199999999
600111,0.074200004
PZZA,0.0742
09999,0.0741
00914,0.074099995
BACPL,0.07390000000000001
02628,0.0736
EFR,0.0736
TOL,0.073500001
GOAU4.SA,0.07350000000000001
NCLH,0.07350000000000001
LCQ21,0.0735
IQ,0.07349999800000001
CNQ.TO,0.0734
STMN,0.0731
500124.BO,0.0731
J,0.0728
9022,0.0726
300601,0.0725
BLDG,0.0725
532978.BO,0.072400002
MOO,0.07239999999999999
2914,0.072399999
HQH,0.0723
BDXB,0.0723
ARCO.SA,0.072299998
MNRL,0.072299998
ICVT,0.072299997
068270.KS,0.072199998
CPIN,0.0721
ALPHA,0.0721
AVXL,0.072
EPR,0.0717
PSK,0.0714
FFIN,0.0712
EEM,0.0712
NFJ,0.070800001
00002.HK,0.0707999996
688036,0.070700005
LNC,0.07050000000000001
DNP,0.07050000000000001
AFIN,0.0705
RPD,0.0704
FRGXX,0.0704
BPYU,0.070299997
ICOL,0.070199996
NESTLEIND.,0.070199996
VB,0.0701
SNY.PA,0.07
SMPL,0.07
NOV,0.07
GFI.JO,0.06999999700000001
LTHM,0.06989999699999999
02883,0.0698
SSIXX,0.0698
FND,0.0697
ICT,0.0696
LPLA,0.069500003
MIME,0.0695
TOM,0.0695
HUM,0.0695
601138,0.0695
PKG,0.069299999
JW.A,0.0692
CAR,0.0691
WDO.TO,0.0691
SMG,0.0691
IDLV,0.0691
SCA B,0.0691
EVN.AX,0.0688
DBE,0.0688
VMEO,0.068799997
ENELAM,0.0687
FCEL,0.0686
CC,0.068500001
ALDAR,0.0685
SHLS,0.0684
NVS,0.068399999
BRKM5.SA,0.06820000000000001
JUVE.MI,0.0681
RF.PA,0.0681
AC,0.068
MQG.AX,0.067999999
FCNCA,0.067999997
FSLY,0.067900001
ALLE,0.0679
USBPM,0.0678999995
BNL,0.0678
MOS,0.0677
DBB,0.0677
SKY,0.067600004
ED,0.0676
CALX,0.06759999900000001
009830.KS,0.067499999
ATL.MI,0.067400002
ABEV3.SA,0.0674
PZU,0.067
IIVI,0.066900001
MTH,0.0669
CTAS,0.066800001
SOLN,0.066800001
AYI,0.0668
IWP,0.0668
ANG.JO,0.066799998
002812,0.066700004
00358,0.0666
HFC,0.0666
MOTHERSUMI,0.066599995
AFLT,0.066599995
03800,0.066500001
600392,0.0664
EXPI,0.0663
CMC,0.0663
CLH,0.0662
SPWR,0.0662
PFFD,0.066199996
TREX,0.066099997
532898.BO,0.066000001
UI,0.066
PCH,0.066
MKTX,0.0659
FUL,0.0659
CBOM,0.0659
HRB,0.0659
8953,0.065800001
IGLB,0.065799996
UBSG,0.06570000000000001
MQY,0.0657
DESP.SA,0.06569999800000001
PSCT,0.0656
ZNU21.DE,0.0655
PRGO,0.0655
SBIN.BO,0.065400002
LVS,0.0653
4755,0.0653
FIGXX,0.0653
EPRT,0.065299999
TKR,0.06509999899999999
AHT.L,0.065
ENI.MI,0.065
ASAN,0.0649999996
BWX,0.064999999
KESKOB,0.064900003
CNPPB,0.064900001
ALKS,0.0649
AON,0.0649
MAXN.SI,0.064899999
01918,0.064899996
EKHO.CA,0.0648
NXJ,0.0648
YCA.L,0.0648
ON,0.06470000000000001
TLK,0.0647
NXST,0.06460000099999999
OR.TO,0.0645
00267,0.0643
NEGG,0.064299997
POW.TO,0.064199998
KBR,0.064199997
BKE,0.06410000140000001
NVL,0.0641
2303.TW,0.06409999799999999
PAH3.DE,0.064000002
RXI,0.064
LYC.AX,0.064
ASXC,0.063900001
FSR.JO,0.0639
TLND,0.0639
000661,0.0638
EMA.TO,0.0637000012
FR,0.06370000020000001
ZU1,0.0637
BVB.DE,0.0637
CBRE,0.063600001
HEAR,0.0636
CHMF,0.063500003
CRSR,0.063500001
MSN,0.0635
ABC,0.0634999995
ALLY,0.0634999993
8830,0.063499999
TXRH,0.0634
SIKA,0.0634
BXP,0.0634
HBI,0.063399997
BLD,0.063300003
AGI.TO,0.06330000100000001
AKZA,0.063299997
CDR,0.063199999
LI.PA,0.063100002
IGD,0.063100001
BRO,0.0631
005935.KS,0.0630999975
GWPH,0.063
NEXI.MI,0.063
BKR,0.063
ROK,0.062999999
PPC,0.0629
SLGN,0.0627999983
INGA,0.062700001
KSTR,0.0627
00001.HK,0.062400000000000004
JPMPK,0.0624
BSY,0.0624
688012,0.0624
UGP.SA,0.0623
CPN,0.06220000099999999
LONN,0.062199998
BAND,0.061999999
BBD.B.TO,0.061899997000000005
IVH,0.0618
BDJ,0.0618
GARAN,0.0618
601166,0.061700002000000004
FNF,0.061700000000000005
1301.TW,0.0617
TTTXX,0.0617
EINC,0.0617
KRNT,0.06169999799999999
QYLD,0.0616
ASM,0.061599998
MMYT.BO,0.0615
AN,0.06149999999999999
CPALL-R,0.0614
00992,0.061399999999999996
VACN,0.061399999999999996
PGNY,0.06129999999999999
RMG.L,0.061000000000000006
TWST,0.0608000003
NVTA,0.06080000000000001
ANAT,0.060799999599999995
ARWR,0.060699998
QRTEA,0.0606000015
HCA,0.06059999950000001
PRNT,0.060599998
NSA,0.060499999799999996
KRX.L,0.060400001
NOVA,0.060399999999999995
CGBD,0.060399999999999995
VDE,0.060399998
000725,0.060300004
KC,0.0603
MEDP,0.060299999
500087.BO,0.060199998000000005
CHE,0.060100002
00813,0.060100001
MCSXX,0.0600999995
AFCG,0.06
FM.TO,0.06
PROX,0.06
PNDORA,0.0597
SYK,0.059600001
1878,0.05960000000000001
LSCC,0.0594000011
MHD,0.05940000100000001
03323,0.0594
IUSB,0.0594
ALL.AX,0.0592
CREE,0.0592
IOVA,0.0591
SCHV,0.0591
DAC.AX,0.058899999
TGLS,0.0588
ITW,0.058700001
PNFP,0.058700001
MOCORP,0.0587
NTRA,0.0586
PAGS.SA,0.0585
RCII,0.058499999999999996
NDA SE,0.058499999999999996
OMV,0.0584
FP.PA,0.0584
AJRD,0.0582
011200.KS,0.0581999997
UEC,0.05790000000000001
LUMI,0.0579
005490.KS,0.057800000500000004
VRM,0.057700002
EWY,0.0577
STM.SI,0.0577
KER.PA,0.057699998
KWR,0.057600003
ACM,0.0576
SONY,0.0575999997
EDIT,0.0574999997
RRR,0.0574
ATCO A,0.0574
KLIC,0.057399999
DQ,0.057299999899999995
ITSA4.SA,0.0572
BESI,0.057100001
ARES,0.0571
HEI.A,0.0571
VIAV,0.0571
RLI,0.057099997
TEVA,0.056900002
TTM.BO,0.0568
PAVE,0.056799997
000983,0.056700002
MF.PA,0.056700002
AM3D.DE,0.056599997
RYCEY.L,0.056500003
CCS,0.056499998999999995
600900,0.0564
NOS,0.056399997
TWOU,0.056300001
BOX,0.0563
CS.PA,0.056199998
BYD,0.0561
TMGH.CA,0.0561
MG.TO,0.0561
POG.L,0.0561
ATAD,0.055999998
MMSI,0.0559
G.MI,0.0559
IONS,0.05589999799999999
BIDI4.SA,0.0558
DKS,0.055799999999999995
YETI,0.055799999999999995
PGN,0.055799999499999996
8951,0.0556
MCHI,0.0555
AVTRPA,0.05539999899999999
SOF,0.0553000003
YNDX,0.0553
MCK,0.0553
VST,0.0552
COLO B,0.0552
SAN.BC,0.0552
ERIC,0.0552
005380.KS,0.0552
KRE,0.0552
SC,0.0551999995
QTS,0.055199997
00754,0.05510000130000001
BBNI,0.055
GEL,0.055
EDD,0.055
2395.TW,0.055
RJF,0.054900000000000004
SNE,0.054899998
SIGN,0.054899997
MGNX,0.054800001
JGS,0.0548
600031,0.0548
03898,0.054799998
NVO,0.054700002000000005
300122,0.0547
SKLZ,0.0547
FMC,0.054600001
WSO,0.0545
BOL,0.054499998
BRX,0.0543999999
UHS,0.054399999000000004
603259,0.054399998000000005
NN,0.0543
EPC,0.0543
00012.HK,0.0542
SLM,0.0542
002714,0.054100000999999995
PYPL.TO,0.0541
CMA,0.054099999999999995
REXR,0.054000000000000006
PLTK,0.0539
XONE,0.0539
GBR.TO,0.0539
00004.HK,0.0538
LII,0.0537000005
09939,0.053600002
LPP,0.053600002
HHR,0.053600002
GSPD,0.053599999999999995
RUTH,0.0535
002304,0.0535
4308,0.0535
VCB,0.0535
JBSS3.SA,0.053499999000000006
IWD,0.053400002
9101,0.0534000013
SNX,0.0534
VRT,0.0533
RGA,0.053299999
ORC,0.053000003
IHF,0.053000003
600549,0.053000003
FDS,0.0529
ATHPA,0.0529
AKBNK,0.0529
500830.BO,0.052800003
MTN.JO,0.0527
VSTO,0.052699999799999994
SHLX,0.0526
LPRO,0.0526
WFCPZ,0.052599999499999994
601699,0.0525
CWEB,0.0525
ST,0.0525
AFL,0.052499997
BNGO,0.052400002
L,0.052399997
BAER,0.052399997
AMN,0.052199999999999996
EMBRAC B,0.052199997
ADE,0.052099997999999995
MGLU3.SA,0.052
PSK.TO,0.0519
BGL.AX,0.0519
HZNP,0.0518
OGVXX,0.051799998
002353,0.0517
VIR,0.0517
JBT,0.051699999999999996
OTEX.TO,0.0516
GNLN,0.051599998
JOIXX,0.0515
KNL,0.0515
PAC.MX,0.0514
PCT,0.0513
LIGHT,0.05120000090000001
SPYG,0.0512
HDV,0.0512
LHCG,0.0511
002371,0.0511
8454.TW,0.051000000000000004
002460,0.051
DDS,0.050999999500000004
NDSN,0.0509
CNMD,0.0509
SPIP,0.0508
TX.MX,0.0508
SHOP.SA,0.0508
CPRT,0.050700001
02359,0.0507
LKOR,0.0507
RHHBY,0.050699999999999995
CNTY,0.0506
FGEN,0.0506
AFRM,0.0506
CF,0.050500002
AME,0.0505
IRWD,0.050400001
AVAV,0.0504
MTG B,0.0504
JBL,0.0503999998
IPL.TO,0.050300002
BIG,0.050299999
5101,0.050200000999999994
VSAT,0.050100003
USA,0.050100002
MCHP,0.0501
GJF,0.05
EMB,0.05
IPAC,0.05
TECN,0.049800002
CEMB,0.0498
BLMN,0.0498
AFC.L,0.0498
600837,0.0498
COFPI,0.0498
NTB,0.0497
DIN,0.0497
LGEN.L,0.0497
SCI,0.049400002799999995
A2M.NZ,0.0494
ETL.PA,0.0494
SLCA,0.0494
017670.KS,0.049300000000000004
ASHS,0.0493
IEL.AX,0.0493
E.MI,0.0493
AES,0.0492999995
TAL,0.049200002
CLHO.CA,0.049200002
ETEL.CA,0.049200002
JPMPC,0.049200002
JFR,0.049200002
ILU.AX,0.049200002
010130.KS,0.049200002
LT.BO,0.049200001
DOV,0.049199999
NEEPP,0.049199998999999994
AZRE.BO,0.0491
02338,0.049099998
MIDD,0.049099997
SKE.TO,0.049099997
TCELL,0.049099997
BCX,0.049099997
SPSM,0.049000002
ALTR,0.049000002
00003.HK,0.048900001
UCG.MI,0.048899997
PE&OLES.MX,0.048899997
AMCR,0.048800003
SPDN,0.048800003
FUBO,0.0487
TPC,0.0487
ATI,0.048699997
MKL,0.048600003
AGNCP,0.048600003
MRK.DE,0.0486
WEGE3.SA,0.0485
SESG,0.048499998
VIRT,0.048499998
FRGI,0.0484
CEN.NZ,0.0484
PSMT,0.0484
GDX,0.0484
SIRI,0.0484
OPEN,0.048299998
AAQC.U,0.048299998
OGN,0.0482
ETV,0.0482
RLJPA,0.0482
SON,0.0482
ZAL.DE,0.048100000000000004
DIBS,0.0481
ASR.MX,0.0481
CVAC.DE,0.0481
601668,0.0481
DSVXX,0.048
NWL,0.0479
BEAM,0.0478
POLI,0.0478
540719.BO,0.0478
VVV,0.047799998499999996
THG,0.0477000003
002027,0.0477
IAI,0.0477
SID.SA,0.0476
OII,0.0475
CVE.TO,0.0475
VRTV,0.0475
NI,0.0475
CSIQ,0.047399998
BATRK,0.047399998
LCAM3.SA,0.0473
688169,0.0473
OI,0.0473
ADT,0.0473
AIRC,0.0472
IFT.NZ,0.047199998
RENE,0.047199998
SCL,0.047199998
POOL,0.0471
CENX,0.0471
GKOS,0.047000001
ALICORC1,0.047
LIF.TO,0.047
HFG.DE,0.047
GMZB,0.047
CHD,0.047
YUM,0.047
PAYC,0.046900002
HGV,0.0469
OXLC,0.0469
BTT,0.0469
LSPD.TO,0.0468
5019,0.0468
OHI,0.0468
ADCB,0.0468
GPI,0.0467999985
XHB,0.0467
NSL,0.0467
MSD,0.0466
STNE.SA,0.0466
VEU,0.0466
IQV,0.0464999995
JMT,0.0464
SATS,0.0464
600256,0.0463
T.TO,0.0463
QGEN,0.0463
TROX,0.0463
900948,0.0462
IGF,0.0462
CIT,0.046199999900000004
BDN,0.046100001
CE,0.0461
Z,0.045900002
FBU.NZ,0.045900002
NCM.AX,0.045900002
LSRG,0.045900002
DBC,0.0458
NTGY.BC,0.0458
SWDY.CA,0.0458
RACE.MI,0.0458
EGP,0.0458
688005,0.0458
TOT.PA,0.045799999999999993
6505.TW,0.045700002
1U1.DE,0.045700002
IAG.BC,0.045700002
4825,0.045700002
DT,0.045700000000000005
SLG,0.0457
KEY.TO,0.045600003
JACK,0.0456
ETE,0.0456
8058,0.0456
LYV,0.045500003
PHYS.TO,0.045500003
CCIV,0.045500001
SNA,0.045499999
NCZ,0.0454
WTRE,0.045300003
MVIS,0.045300003
PSTH,0.045300003
ELEKTRA.MX,0.045200000000000004
540777.BO,0.0452
9503,0.045100003
DCPPB,0.045100003
IGG.L,0.045
FAF.TO,0.045
PAGP,0.044899999999999995
JMIA.DE,0.044899996
KEP.KS,0.044899996
BPI,0.044899996
ETG,0.044899996
601958,0.044899996
HHC,0.0448
ORP.PA,0.0448
RS,0.04479999999999999
SMH,0.044699997
HTHT,0.044699997
DHRPB,0.044600001
LEG,0.04460000060000001
IAA,0.0446
DANSKE,0.0446
XRO.NZ,0.0446
300450,0.0446
FBNH,0.0446
GGB.SA,0.0446
RGR,0.0446
CRH,0.0446
00354,0.044500000000000005
300059,0.044499997
600690,0.044499997
KCHOL,0.044499997
BSANTANDER,0.0444
SHEN,0.0444
EMAAR,0.0444
1476.TW,0.0444
BRDT3.SA,0.044399999999999995
A2A.MI,0.0443
AVST.L,0.044299997
CNE.TO,0.044299997
APTS,0.044299997
ADIB,0.044299997
4704,0.044299997
ALRS,0.044100001
FE,0.044099999
00586,0.044099998
AEM.TO,0.044099998
FROTO,0.044099998
MTB,0.044
2308.TW,0.044
BIGC,0.044
DB1.DE,0.044
COKE,0.0439000004
EMBR3.SA,0.0438
IBCE,0.0438
BRKR,0.0438
CEY,0.0438
WLN.PA,0.0438
00371,0.0437
DXC,0.0437
BDO,0.0436
000100,0.0436
CENTA,0.0436
IXN,0.0436
IMAB,0.0435000003
9697,0.0435
TTEC,0.0435
9910.TW,0.0434
SPX.L,0.0433000011
TPEIR,0.0433
00867,0.043200001
SPE,0.0432
TLS.AX,0.0432
DHRPA,0.043100001
PTT,0.0431
TSE,0.0431
W,0.043
IBDRY.BC,0.043
BERY,0.043
ULTRACEMCO,0.043
ASX.AX,0.043
AGLTY,0.043
STANBIC,0.043
BCI,0.0429
TTWO,0.0429
DOYU,0.0429
7730,0.0429
2002.TW,0.042899997999999995
AFG,0.0428000023
HQY,0.0428000019
TRN.L,0.0428
6506,0.0428
02380,0.0428
HEI.DE,0.0428
LAMR,0.0428
SIGI,0.0427
ZAIN,0.0427
SPTM,0.0427
PAF.JO,0.0427
HYT,0.042699999
6301,0.042600002
ERIC B,0.042600002
300676,0.0425
2413,0.0425
ALMDG.PA,0.0425
IVZ,0.0424999998
XPEL,0.042400000199999996
SKYY,0.0424
TNDM,0.0424
CRBP,0.0424
REGI,0.0424
DECK,0.042399998999999994
PETS.L,0.042300000000000004
TLEVISACPO,0.0423
IGT,0.0422
LUNE,0.042199999
CG.TO,0.0421
MLPA,0.0421
INVP.L,0.042
CMPC,0.042
TKWY,0.041999998999999996
RSW.L,0.0419
000338,0.0419
FHB,0.0418999997
DLG.L,0.0418
207940.KS,0.0418
FRAK,0.0418
ADC,0.041799999000000004
FFC,0.0417
336260.KS,0.0417
DBA,0.0416
BRG,0.0416
01164,0.0416
ORA.PA,0.041500002
GRUB,0.041500002
SAIC,0.041500002
BST,0.0414
UL.L,0.0414
GOOD,0.0414
QRTEP,0.0414
GBTC,0.041300002
PBH.AX,0.041300002
SLV,0.041300002
APPF,0.041300002
OZK,0.0413
00303.HK,0.0412999995
QMOM,0.041199997
00696,0.041100003
300357,0.041100003
00168,0.041100003
VOLV B,0.041100003
KMPR,0.041100003
TRPL4.SA,0.0411
DCI,0.041099999799999995
IAU,0.040999997
NIBR,0.040999997
RNP,0.040900003
X,0.040900003
GIVN,0.0408
EOAN.DE,0.040799998
CARL B,0.040799998
JUN3.DE,0.040799998
VTRS,0.040799998
EXG,0.040799998
OCDI.CA,0.040700004
SKT,0.0407
ACGL,0.040599998
RSG.AX,0.040599998
EXP,0.040500001
JWN,0.0405
SCHD,0.0405
NHF,0.0405
2881.TW,0.040499999999999994
LGIH,0.040499999999999994
WTS,0.0404999998
01368,0.0404999996
PEN,0.0404
DIB,0.0404
WCH.DE,0.0403
300454,0.0403
BBBY,0.0403
1295,0.0402
RYM.NZ,0.0402
RWR,0.0402
KCE,0.0401
KIO.JO,0.0401
FHN,0.0401
WWE,0.0401
ATUS,0.04
RDOR3.SA,0.04
ELD.TO,0.04
GSAT,0.04
CPJ,0.039900000000000005
HO.PA,0.0399
IIGD,0.0399
PGX,0.0399
008560.KS,0.0398
688008,0.0397
IQI,0.0397
USMV,0.0397
ADS,0.039699999599999994
DIA.MI,0.039600001
SSL.TO,0.0396
USBPH,0.039599999999999996
AVID,0.039599998
TRIP,0.0395
COUP,0.0395
IBUY,0.0395
00763,0.0395
SCEPH,0.0395
COTY,0.0395
RYT,0.0394
RYAAY.IR,0.0394
HOC.L,0.0394
ELP.SA,0.0394
SBK.JO,0.039300002
MUI,0.039300002
GEF.B,0.039300002
BDX,0.039300002
LEG.DE,0.0393
KIND SDB,0.039100002
CCRO3.SA,0.039100002
SFM,0.039100002
PIN,0.039100002
5857,0.039100002
VOD.L,0.039099999
CIRA.CA,0.039
PCAR,0.039
UMI,0.039
CLVT.L,0.039
ADNOCDIST,0.038900003
4502,0.038900002
NAVI,0.038900001000000003
FBHS,0.038900000000000004
JPMPL,0.0388000005
6645,0.0388
SPEU,0.0388
PEGA,0.0388
LMAT,0.0387
MYTIL,0.0387
RMS.PA,0.0386
CVA,0.038599998
NEU,0.038599998
600660,0.038599998
BFS,0.038599998
033780.KS,0.0385
CACI,0.0385
DEA,0.0385
LXP,0.038499999
SPSN,0.038399998
FMNL,0.038399998
HR.UN.TO,0.038399998
BDMS-R,0.038399998
KURA,0.0383
PRY.MI,0.0383
CEMARGOS,0.0382
WTMF,0.0382
TW,0.0381
RSI,0.0381
MB.MI,0.0381
MELI,0.038
HIMX,0.0379
REPL,0.0379
EVT,0.0379
TRN.MI,0.0379
TDUP,0.0379
DSRP,0.0379
USPH,0.0379
INT,0.0378000003
EME,0.0378
VNDA,0.0378
WB,0.0378
AIR,0.0378
WIP,0.0378
TIL,0.0377
EA-R,0.0377
3288,0.037599999999999995
MASI,0.037500001
1102.TW,0.037500000000000006
AVLR,0.0375
00241,0.0375
06160,0.0375
GIL.TO,0.0375
HALO,0.0374
00669.HK,0.0374
VBK,0.0374
TUPRS,0.0374
CPNG.KS,0.037300001
ARR,0.0373
MRCY,0.0373
06823.HK,0.0372
FPEI,0.0372
MTA.TO,0.0372
TXG.TO,0.0372
PXT.TO,0.0372
BLL,0.0372
TITC,0.037100002
GMRE,0.037100002
BEN,0.0371
REG,0.0371
F34.SI,0.037
WLK,0.037
SFOR.L,0.037
CLB,0.037
4819,0.0369
VYNE,0.0369
EHTH,0.0369
EVBG,0.0369
KAMBI,0.0368
PALL,0.0368
SFSN,0.0368
09888,0.0368
DLB,0.036700002
UPST,0.0367
EVR,0.036600000300000005
DSU,0.0366
TELIA,0.0366
MABANEE,0.0366
DPM.TO,0.0366
002624,0.0365
FUTU.HK,0.0365
INMD,0.0365
GSHD,0.0365
OLA.TO,0.0365
JPMPD,0.036499999
ECP,0.036400001
SBSW.JO,0.0364
SJIV,0.0364
ATKR,0.0363
TRQ.TO,0.0363
KMX,0.0362
DHER.DE,0.036199999999999996
01378,0.036199998
URC,0.036199998
AED,0.036199998
HBMN,0.036199998
CVET,0.0361
ES,0.0361
AMS.JO,0.036099999
RCUS,0.036
QFIN,0.036
AOD,0.036
BIT,0.036
FOXF,0.036
EVT.DE,0.0359
600703,0.0359
MKC,0.0359
SVAC,0.0359
HIVE.TO,0.0358
DUFN,0.0358
TFC,0.0358
DXS.AX,0.0358
ENLAY.MI,0.0357
01585,0.0357
SINCH,0.0357
02196,0.0356
LOVE,0.0356
CORFICOLCF,0.0356
NMCO,0.0356
ADVANC-R,0.0356
DEO.L,0.0355
BOE,0.0355
01821.AX,0.0355
CBU,0.0355
500228.BO,0.0354
01114,0.0354
EVR.L,0.0354
TMST,0.0354
GBK,0.0354
PRPB,0.0354
DVA,0.035399999
ATRA,0.0353
ELISA,0.0353
FNDF,0.0353
00868.HK,0.0351
LDL,0.0351
APSG,0.035099998
BME.L,0.035
GRUPOSURA,0.035
6701,0.035
002241,0.035
MCY,0.0349999993
2324.TW,0.034999999
DAL.MI,0.0349
NTNX,0.0348
02202,0.0348
AOX.DE,0.0348
00460,0.0347999995
LRN,0.0347
EWT,0.0347
CMO,0.0347
NGG.L,0.0347
BGFV,0.034599999
LANC,0.034599999
ETO,0.0345
TITR.MI,0.0345
CRCT,0.0344
GATO,0.0344
ASRNL,0.0343999998
MD,0.0343000002
02018,0.034300000000000004
200625,0.0343
1928,0.034200001
ARI.JO,0.0342
SAFM,0.0342
AQUA,0.0341
ASAI3.SA,0.0341
REYN,0.0341
FRES.MX,0.0341
NUV,0.0341
SYKE,0.0340999995
PIDILITIND,0.033999999
THC,0.033999999
LULU,0.0339
NZYM B,0.0339
STE,0.0339
002008,0.0339
EPRPE,0.0339
688396,0.033800002
EVRG,0.0337
KOZAL,0.0337
601919,0.0337
AVT,0.0337
Z74.SI,0.0336
FFIV,0.0336
L.TO,0.033500001
FXPO.L,0.033500001
IT,0.0335
BSTZ,0.0335
NG,0.0335
NTIC,0.0335
TATASTEEL.,0.033299998
CPI.JO,0.033299997
BACPB,0.033299997
ADM.L,0.0332
00667,0.0332
EDR,0.0332
ANSS,0.0331
300413,0.033099998
GGBR4.SA,0.033099998
BPAN4.SA,0.033
THQ,0.033
XXII,0.032899998
RXT,0.032899998
MARUTI.BO,0.0328
1216.TW,0.0328
MRVI,0.0328
EXK.TO,0.0328
ACS.BC,0.0327999998
DOMO,0.0327
01308.HK,0.032600001
FMX.MX,0.0326
BLX.TO,0.0326
USFR,0.0326
BACPM,0.0325
RO,0.0324
688099,0.0324
MTZ,0.032300001
GDV,0.0323
BCRX,0.0323
ABCB,0.032200001
CX.MX,0.0322
02600,0.0322
1513.TW,0.0322
VCRA,0.0322
PRTS,0.0322
6532,0.032199999
RILY,0.032100000000000004
WIRE,0.0321
OSTK,0.0321
PUBM,0.0321
IHG.L,0.0321
GVIXX,0.032
8952,0.032
ZNU1,0.032
BJKAS,0.032
IEUR,0.032
JTSXX,0.032
HCSG,0.031999999
NXT.AX,0.0319
UXIN,0.0318
H78.SI,0.0317
BKG.L,0.0317
NARI,0.0317
CYH,0.0317
01313,0.031600002
EQX.TO,0.031600002
DELTA-R,0.031600002
JQC,0.031600002
003690.KS,0.0315
MONC.MI,0.0315
SUNPHARMA.,0.0315
MNRPC,0.0315
SUM,0.0315
UFPI,0.0315
REZI,0.0315
INSG,0.031400003
ABCL.TO,0.031400003
LEGN,0.031400003
DIC,0.031400003
MTS.AX,0.0313
KRR.TO,0.0313
TKA.DE,0.0312999998
BIMBOA.MX,0.0312
688002,0.0312
OPER,0.0312
00288,0.0312
ASELS,0.0312
SISE,0.0312
VGR,0.0312
3702.TW,0.0311
TGTX,0.0311
AZUL.SA,0.031
PLZL,0.031
TRNO,0.031
TYL,0.030999999
BOOT,0.030900000000000004
CGG,0.0309
BANPU-R,0.0309
BSX,0.0308
SPXC,0.0308
WCLD,0.0308
RWT,0.0308
01876.HK,0.0308
SPTN,0.030799998000000002
EVH,0.0307
1155,0.0307
TIMS3.SA,0.0307
SWAV,0.0307
CCU21,0.0307
MFC.TO,0.0307
KRC,0.030699999999999998
FSS,0.0306
USIM5.SA,0.0306
MWA,0.0305
ROLL,0.0305
01038.L,0.0305
USFD,0.0305
002254,0.0305
INFXX,0.0304
LGF.B,0.0304
KNBE,0.0304
NVT.L,0.0304
RKT,0.030299999
SEK.AX,0.030299999
THG.L,0.030299999
SKX,0.030299999
AEO,0.0302000012
MGEE,0.0302000004
JHG,0.030199999
NLMK,0.030199999
FDJ.PA,0.030199999
FSP,0.030199999
4904.TW,0.030100000000000002
HE,0.030100000000000002
03888,0.0301
AZUL4.SA,0.0301
HUMANSOFT,0.0301
NSPA,0.0301
IDA,0.030000002
00322,0.03
REE.BC,0.03
SOON,0.03
MFA,0.03
PTY,0.03
INVZ,0.029900000500000003
KFRC,0.029900000000000003
2267,0.0299
EN.PA,0.0299
SX1,0.0299
SWI,0.0299
MTSI,0.0299
RA,0.0298
PUM.DE,0.0298
ALK,0.0298
PPD,0.0298
LKFN,0.0298
AEIS,0.0298
AWF,0.0298
EDF,0.0297
WOW.AX,0.0297
SNCY,0.0297
LITE,0.0297
GWW,0.0296000003
DOC,0.0296
2768,0.029500001
SGRY,0.029500000400000004
VNO,0.0295
03328,0.029499999
QSR.TO,0.0294
ETB,0.0294
WBT,0.0294
06110,0.0294
SKA B,0.0294
LGF.A,0.0294
ALGT,0.0294
WFCPR,0.0294
SWK,0.0293000005
2383.TW,0.0293
DIAX,0.0293
PRIO3.SA,0.0293
ATR,0.0293
MSM,0.0292999996
SHYG,0.0292
CR,0.0292
INVA,0.0291
DMO,0.0291
DSCT,0.0291
C38U.SI,0.0291
PFLT,0.0291
ETJ,0.029000001
LE,0.029000001
ALO.PA,0.029000001
ENEV3.SA,0.028900001
LWSA3.SA,0.028900001
2356.TW,0.028900001
HYEM,0.028900001
SOL.JO,0.028800001
IWO,0.028800001
600809,0.028800001
PHR,0.0287
PRU.L,0.0287
NIND,0.0287
CSU.TO,0.0287
APLS,0.0287
TMV.DE,0.0286
JBLU,0.0286
CRHC,0.0286
FRT,0.0285
XRX,0.028499998
UNTR,0.028499998
SKYW,0.028499998
EMHY,0.028499998
PTTEP-R,0.028499998
ECC,0.028499998
JD..L,0.028399998
TATN,0.028399998
NWG.L,0.028399998
AC.TO,0.028399998
2882.TW,0.0283
02689,0.028299998
BT.A.L,0.028299998
TEI,0.028199999
LBTYK.L,0.028199999
BKCC,0.028199999
GETI B,0.028100000300000004
FTS.TO,0.0280999996
FGR.PA,0.028099999
CAP,0.028099999
FAST,0.028099999
002032,0.028099999
WHF,0.028099999
TEG.DE,0.027999999
SCHWPJ,0.027999999
603882,0.027999999
PATH,0.0279
LPSN,0.0279
01208,0.0278
MODV,0.027700000000000002
HIBB,0.0277
00285,0.0277
FUNO 11.MX,0.0277
GPT.AX,0.0277
PCY,0.0277
NLYPF,0.0276
SITM,0.0275
ITT,0.0274999998
600030,0.0274
US.MI,0.0274
MORN,0.0274
MRO.L,0.0274
CSL,0.0274
GBIL,0.0273
CLNE,0.0273
CTF1,0.0273
CG,0.0273
FSIXX,0.027299999999999998
DCOM,0.027200000000000002
MESU21,0.0272
01288,0.0272
MEI,0.0272
500295.BO,0.0272
STT,0.0272
4739,0.0271
COV.PA,0.027
EVK.DE,0.027
UMPQ,0.027
5110,0.026999999999999996
BWA,0.0269
KOD,0.0269
UHAL,0.0269
SEIC,0.0268999998
AAWW,0.026799998999999998
FRTPC,0.026700001
JPHY,0.026700001
LLOY.L,0.026600001
NWBI,0.026600001
HRL,0.026600000000000002
00008.HK,0.026500002
2382.TW,0.026500002
ARESPA,0.026500002
HEQ21,0.026500002
BYD.TO,0.026500002
JLL,0.026499999
01268,0.026400002
600426,0.026400002
HFROPA,0.026300002
UFPT,0.026300002
CSR,0.026300002
CSSEP,0.026300002
6361,0.026200001
AXSPE,0.026199998
NNNPF,0.026199998
00853,0.026099999
ITC.BO,0.026099999
COLL,0.026099999
BEEM,0.026099999
ADYEY,0.025999999
JBH.AX,0.025999999
KEY,0.025999999
3023.TW,0.0259
FULTP,0.025899999
RHM.DE,0.025899999
PCI,0.025899999
DFIN,0.0257
WFCPO,0.0257
ICP.L,0.0257
GWRE,0.0257
ULTA,0.0257
FCNCP,0.0256
MNG.L,0.025599999399999997
SULA11.SA,0.0254
APLE,0.0254
CSTM,0.0254
VICR,0.0253
SSB,0.0253
02601,0.0252
EWJ,0.0252
FTIU21,0.0252
INNPE,0.0252
HUBG,0.0252
FTCI,0.0251000004
BBIO,0.0251
PLYM,0.0251
CUBI,0.0251
034020.KS,0.0251
03818,0.025099999999999997
CSGS,0.025099998999999998
OIBR.C.SA,0.025
UNVR,0.025
INFO.TO,0.025
CLNYPI,0.025
GDP,0.0249
CORE,0.0249
MFG.AX,0.0248
FLT.AX,0.0248
YDUQ3.SA,0.0248
IVRPB,0.0248
CTC.A.TO,0.0247000003
NRE,0.0247
ITGR,0.0247
ECOL,0.0247
BACPO,0.024600001
PSBPZ,0.024600001
SHAK,0.024600001
BC,0.0246
HYRE,0.024599999600000002
EGLE,0.024500001
SAIL,0.024400001
PRU.AX,0.024400001
047050.KS,0.024300002
NTCO3.SA,0.024300002
9519,0.024300002
IPL,0.024300002
ESS,0.0242
MUX,0.0242
SJR.B,0.0242
HCI,0.0242
SWCH,0.0241999985
RADA,0.024100001
PODD,0.024
TPR,0.023999999
COGN3.SA,0.0239
00683.HK,0.0239
9904.TW,0.0239
SUZB3.SA,0.0239
DARK.L,0.0239
EBS,0.0239
BB.TO,0.0239
UTL,0.0238
GSPJ,0.0238
CWST,0.0238
SMDS.L,0.023799999999999998
VLY,0.0237000002
3563,0.0237
00656.HK,0.023699999
AST.AX,0.023699999
CBNK,0.023699999
RMV.L,0.023599999
SITC,0.023599999
EYE,0.0235
SAGE,0.0235
042700.KS,0.023499999
03759,0.0234
UPL.BO,0.0233
ARNA,0.0233
PTTGC-R,0.0233
MANH,0.0233
263750.KS,0.0232
STMP,0.0232
JAR.L,0.023100000000000002
GOL.SA,0.0231
AR.MX,0.0231
FL,0.0230999998
SNBR,0.023099999000000003
3045.TW,0.023
NEOE3.SA,0.023
CLNYPJ,0.023
VNOPM,0.023
ELET6.SA,0.023
HGU21,0.0229
BRML3.SA,0.0228
APOG,0.0228
TU-R,0.0228
PDO,0.0228
BHF,0.0228
SWTX,0.0228
AINV,0.0228
GCM1,0.0227
MSPK,0.0227
3231.TW,0.0227
GFL.TO,0.0227
EURN,0.022600000000000002
2883.TW,0.0226
GRT.JO,0.0226
GPRE,0.0226
SIEGY.DE,0.0226
SUMO,0.0225
QLD,0.0225
ETY,0.0224
MSPI,0.0224
TDS,0.0224
ETAC,0.0224
TBIO,0.0223
8316,0.0223
ITRN,0.0223
LW,0.0223
06185,0.0222
SXS.L,0.0222
SFIX,0.0222
091990.KS,0.0222
BOKF,0.0222
PHOR,0.0222
PNNT,0.0222
3382,0.0221
LC,0.0221
PPBI,0.0220999996
ENIA,0.022
00011.HK,0.022
3105.TW,0.022
ACAD,0.022
500425.BO,0.022
KNOP.L,0.0219
INTUCH-R,0.0219
BKU,0.0218999998
2432,0.0218
BRAP4.SA,0.0218
BGX,0.0218
EVD.DE,0.0217
FELE,0.0217
JPS,0.0217
VNOPL,0.0217
KFY,0.0217
BMBL,0.0217
REI.UN.TO,0.0216
500312.BO,0.0216
MOMO,0.0216
REAL,0.0216
PNM,0.0216
FLIR,0.0216
EFX,0.0215999992
002142,0.0215
5880.TW,0.0215
LNN,0.0215
500800.BO,0.0215
BP.L,0.0214
CNO,0.0214
WISH,0.021300001
SHOO,0.021300001
RAND,0.0212
IG.MI,0.0212
ARX.TO,0.0212
MAS,0.0212
CEL,0.0212
CCAC,0.0212
SPT,0.0212
PBR.A.SA,0.0211
KOF.MX,0.0211
EXX.JO,0.0211
DLTH,0.0211
1402.TW,0.021
BWMX.MX,0.021
WFCPX,0.021
LCII,0.021
TFSL,0.021
6370,0.020900000000000002
GWO.TO,0.0209
8002,0.0209
GXI.DE,0.0209
BTI.L,0.0209
FIGS,0.0209
02333,0.020899999000000002
300124,0.0208
NSRGY,0.0208
UCTT,0.0208
AEV,0.0207
7259,0.0207
SWED A,0.0207
CLNYPH,0.0207
6531.TW,0.0207
NELES,0.020699999
066570.KS,0.0206
EQC,0.0206
01958,0.020599999
01071,0.020599999
OSP,0.020599999
RENT3.SA,0.020599999
IMB.L,0.020599999
NEEPQ,0.020599999
COL.AX,0.020499999
CPRI.L,0.020499999
KLBF,0.020399999
8725,0.020399999
540222.BO,0.0203
HSTM,0.0203
5609.TW,0.020299999
PCAR3.SA,0.020299999
EKTA B,0.020299999
DANE,0.020299999
CDW,0.020299999
MLTM,0.0202
ONE,0.0202
AVAN,0.0202
TMHC,0.0202
ZI,0.0202
TFX,0.0201
1303.TW,0.0201
DRIO,0.0201
ALLT,0.02
PTC,0.02
ACI,0.02
LGND,0.0199
AMX.MX,0.0199
MSPA,0.0199
03808,0.0198
181710.KS,0.0198
UNF,0.0198
NXI.PA,0.019799999999999998
ARCB,0.019700000000000002
6415.TW,0.0197
ABG,0.0197
02328,0.0197
IMI.L,0.0197
RWX,0.0197
FLO,0.0197
SBH,0.0196
01302,0.0196
SMGR,0.0196
BOSS.DE,0.0196
ODP,0.0195
PSM.DE,0.0195
QDEL,0.0195
IDT,0.019400001
8046.TW,0.0194
GBCI,0.0194
KSMT,0.0194
URI,0.019399999
AGCO,0.0193000013
CA.PA,0.0193000003
GEF,0.019299999
032640.KS,0.019299999
TM17.L,0.019299999
LECO,0.019299999
TR,0.019299999
047040.KS,0.019299999
SGOL,0.019199999
3923,0.019199999
OPCH,0.019199999
SGFY,0.019199999
03319,0.0191
532555.BO,0.0191
8015,0.019099999
2108.TW,0.019
09990,0.019
3632,0.019
PDX,0.019
AY.L,0.019
ALC,0.0189
SPKBU,0.0189
MTSS,0.0188
ENVA,0.0188
4062,0.0188
1101.TW,0.0187
SVC,0.0187
POST,0.0186
B4B.DE,0.0185
BFSA.BC,0.0185
PHIA,0.0185
TAP,0.0185
HIFS,0.0184
SCG.AX,0.0184
BTOW3.SA,0.0184
MOV,0.0183
MKSI,0.0183
CAH,0.0182
QUOT,0.0182
CROMPTON.B,0.018099999999999998
2890.TW,0.018099999
MYTE,0.018099999
SIFY.BO,0.018
4042,0.018
COWN,0.018
EQH,0.018
SOL,0.018
4004,0.0179000005
AMEH,0.0179
00336,0.0179
HEN3.DE,0.0179
GPC,0.0179
USCR,0.0178
WLTW.L,0.0178
ATRI,0.0176
3092,0.0176
ISMEN,0.0175
TEAM,0.0174
H24.DE,0.0174
MDRX,0.0174
030200.KS,0.0173
PDCO,0.0173
01997.HK,0.0173
WNS,0.0172
YTRA.BO,0.0172
ELE.BC,0.0172
1803,0.0172
004020.KS,0.0172
FUV,0.0172
ROST,0.0172
6324,0.0172
CONN,0.0172
AYX,0.0172
BOOZT,0.0172
ZO1.DE,0.0172
500271.BO,0.0171000005
GLE.PA,0.0171
OZON,0.0171
CTSH,0.0170999995
7751,0.017
JSW,0.017
WIE,0.017
CTS,0.017
SHL.AX,0.0169
6723,0.0168
003550.KS,0.0168
NOVT,0.0168
RCKT,0.0168
AIV,0.0167
3269,0.0167
SIBN,0.0167
RE,0.0167
RVI,0.0166
TELL,0.0166
3291,0.0166
RDY.BO,0.0165
DADA,0.0165
VCYT,0.0165
CMI,0.0165
ADP,0.0165
CBOE,0.0165
MUR,0.0165
2633.TW,0.0164
KARN,0.0164
OC,0.016300000000000002
FOUR,0.0163
HAE,0.0163
ATEN,0.0163
MN2M1,0.0163
COO,0.0163
AVV.L,0.0162
TRU.JO,0.0162
XRAY,0.0162
WOW,0.0161
FWRD,0.0161
KAI,0.0161
CATY,0.016
IESC,0.016
KBH,0.016
BCEI,0.016
024110.KS,0.0159
TPH,0.0159
NSIT,0.015899999999999997
AXB.BO,0.015800001
CPU.AX,0.015800001
00639,0.015800001
1590.TW,0.015800001
TRN,0.015700001
SOL.AX,0.015700001
BB.PA,0.015700000999999998
VOW.DE,0.0156
GN,0.0156
IRT,0.0156
CNSL,0.0156
AXGN,0.0155
CMC6,0.0155
00151,0.0155
CESP6.SA,0.0154
TRHC,0.0154
LEA,0.0154
PBF,0.0154
JYNT,0.015300001
K2LU.SI,0.0153
H.TO,0.0153
MAREL,0.0152
INTUCH,0.0150999995
CPG.TO,0.0150999995
STG,0.015
ADRO,0.015
APA,0.015
6367,0.015
OTTR,0.0149
1907.TW,0.0149
2702,0.0149
Y,0.0149
2357.TW,0.0149
CXP,0.0147
3014.TW,0.0147
GLW,0.0147
CACC,0.0147
6448,0.0146
2014.TW,0.0146
ECPG,0.0146
PTBA,0.0145000005
2651,0.0145000005
SREPB,0.0145000005
VOLTAS.BO,0.0145000005
STEM,0.0145000005
AGEN,0.0145000005
DANHOS 13.,0.014400001
8795,0.014400001
02388,0.014400001
SSTK,0.0144
PSB,0.0143
IDCC,0.0143
FEES,0.0143
TOWR,0.0143
MUV2.DE,0.0143
ETPE,0.0143
OSIS,0.0143
NOA.TO,0.0143
ITX.BC,0.014199999
8001,0.014199999
BETS B,0.014199999
SRF.BO,0.014199999
QS,0.014199999
BLFS,0.014199999
CIE.BC,0.0140999994
ENAV.MI,0.0140999994
MAP.BC,0.014099999
316140.KS,0.014099999
INFO,0.014099999
ANDE,0.014099999
DNLI,0.0139999998
AGL.AX,0.0139999995
ALLPH,0.0139999995
COFPJ,0.0139999995
ROL,0.0139999995
HCAT,0.0139999995
00998,0.0138
LNTH,0.0138
RYAM,0.0138
RLGY,0.0138
EBF,0.0137
MHK,0.0137
MSPE,0.0137
MSPF,0.0137
7741,0.013699999999999999
FMBK,0.013600000000000001
SYF,0.013600000000000001
PBI,0.0136
IMO.TO,0.0136
EWA,0.0135
2892.TW,0.0135
COHR,0.0135
SNEX,0.0135
PTM.AX,0.0134000006
EWZ,0.0134000005
LGOV,0.0134000005
JCOM,0.013399999999999999
086520.KS,0.013300001
01898,0.013300001
MCRB,0.0133000006
PFSI,0.013200001
USAC,0.013200001
HRC,0.013200001
PINC,0.013200001
MAN,0.013200001
LAD,0.0131
SQM,0.013099999
TWNK,0.013
6033,0.012999999
ANGI,0.012999999
YELP,0.012999999
TFG.JO,0.0129
MNKD,0.012899999999999998
357780.KS,0.0128999995
9532,0.0128999995
TM,0.0128999995
BR,0.0128999995
066970.KS,0.0128
AV..L,0.0128
AEE,0.0128
NED.JO,0.0127
CNS,0.0127
02400,0.0126
GGRM,0.0126
CHDN,0.0125
G24.DE,0.0125
DUKPA,0.0124
BYND,0.0124
SSNC,0.0124
CAR.UN.TO,0.0123000005
EHC,0.0123000005
BWLPG.SI,0.0123000005
02386,0.0123000005
DEMANT,0.012300000000000002
UNIP6.SA,0.012200001
OCGN,0.012200001
ZEEL.BO,0.012200001
HWDN.L,0.0121
CDK,0.0121
ECM.L,0.012
WEIR.L,0.012
MER,0.012
00316,0.012
4974,0.012
BXC,0.0119
PNN.L,0.0119
3006.TW,0.0119
BAMI.MI,0.0119
OCI,0.0119
GOLF,0.0119
500477.BO,0.0119
ASTRAL.BO,0.0119
8088,0.011899999999999999
CRVL,0.0118
4901,0.0118
OPRX,0.0117999995
SAH,0.0117999995
526299.BO,0.0117999995
2269,0.0117
METPF,0.0117
GFF,0.0117
IEP,0.0116
HLF,0.0115
TKA,0.0115
HSBK,0.0115
CAMT,0.0114
CPLE6.SA,0.0114
CME,0.0114
ZUMZ,0.0113
ZBU21.TO,0.0113
NNDM,0.0113
CIEN,0.0112
SSYS,0.0111
BLUE,0.0111
URBN,0.0111
COFPL,0.011
WFCPC,0.011
CTRN,0.011
KIRK,0.011
EAT,0.011
BBVA.BC,0.0109
MP1.AX,0.0109
GNTX,0.0109
IMCD,0.0108
MMS,0.0108
HTLD,0.0108
SPK.BC,0.0107
SF,0.0106999998
MFSU1.TO,0.0106
000001,0.0106
GHL,0.0106
CDMO,0.0105
CALM,0.0105
ENX.PA,0.0104
MMEU21.SA,0.010299999
02638.HK,0.010199999
VALE3.BO,0.0101
2885.TW,0.0101
002709,0.01
HYD,0.01
NBIX,0.01
BCC,0.0099
CERE,0.0099
09966,0.0099
LX,0.0099
HWM,0.0098
ENLC,0.0098
VUZI,0.0098
CNA,0.0097
DHT,0.0095999995
WSP.TO,0.009500000000000001
000799,0.0095
IPN.PA,0.0095
2802,0.0095
VIVO,0.0095
06865,0.0094
EWM,0.0093
BLD.AX,0.0093
CBD.SA,0.0093
RIGD,0.0092
IAG.TO,0.0092
AMG,0.0092
ALA.TO,0.0091
KGF.L,0.009
RDS.B.L,0.009
FTS.HK,0.0089999997
BLDR,0.0088999999
2812.TW,0.0088
001230.KS,0.0087
ENBL,0.0087
7309,0.0086
FNKO,0.0086
603486,0.0085
CNP,0.0084
MSEX,0.0084
SLA.L,0.0083
CHS,0.0083
2875,0.0083
298020.KS,0.0082000003
138930.KS,0.0082
WEX,0.0082
SDF.DE,0.0082
AVI.JO,0.0081
8410,0.0081
YORW,0.0081
EXPR,0.0080999999
HLAG.DE,0.008
COMM,0.008
GTN,0.008
MFS/ZU21.P,0.007900001
2884.TW,0.007900001
2880.TW,0.007900001
FBC,0.007900001
KIM,0.007900001
600089,0.0078
00881,0.0078
CNR,0.0078
6116.TW,0.0078
000009,0.0077
6473,0.0077
ZBH,0.0077
GNW,0.0077
WN.TO,0.0076
3481.TW,0.0076
AER,0.0075
MC,0.0075
SWX,0.0075
ESGR,0.0074
HELE,0.0074
SUPN,0.0074
AEL,0.0074
TSTXX,0.0073000002
002340,0.0073
002074,0.0073
600460,0.0073
TEL2 B,0.0073
TISCO-R,0.0072000003
FDP,0.0072000003
ML.PA,0.0072000003
CTXS,0.0072000003
SONO,0.0072000003
S68.SI,0.0072000003
TBI,0.0070999999999999995
LPI,0.007099999900000001
ESLT,0.0070999996
GPS,0.0070999996
SBRY.L,0.0069999998
R,0.0069999998
2347.TW,0.0069999998
TKG.JO,0.0069999998
AL,0.0069
4523,0.0069
RL,0.0069
6976,0.0068
EZM,0.0067000003
LASR,0.0067000003
006360.KS,0.0066000004
MRU.TO,0.0066000004
MOD,0.0066000004
TLYS,0.0066000004
042670.KS,0.0066000004
4506,0.0065999999
RDFN,0.0065
CLDX,0.0064999997
CWH,0.0064999997
CASH,0.0064999997
BS6,0.0064999997
300285,0.0064
9513,0.0064
DLX,0.0064
ACQ.TO,0.0064
AQN.TO,0.0064
FHI,0.0064
CAE.TO,0.0063000002
601233,0.0063
108320.KS,0.0063
005850.KS,0.0063
AIZ,0.0063
NKTX,0.0062
7167,0.0062
SITE,0.0062
ZIP,0.0062
BAW.JO,0.0062
PAND,0.0061000003
3529.TW,0.0060999999999999995
AGS,0.006
NCR,0.006
9104,0.006
BWY.L,0.0058999998
ELUX B,0.0058999998
UCBI,0.0058999998
BKH,0.0058999998
STJ.L,0.0058
4202,0.0058
HOMB,0.0058
ONB,0.0058
TATE.L,0.0057
5214,0.0057
002380.KS,0.0057
HSII,0.0057
POR,0.0057
FFBC,0.0056
MTX,0.0056
WTM,0.0056
MKS.L,0.0055
SBSI,0.0055
NFG,0.0053
BEKB,0.0052
048260.KS,0.0052
SBB B,0.0052
HLI,0.0052
GNK,0.0051000002
HRI,0.005099999900000001
HUBB,0.0050999997
6920,0.005
3436,0.005
T7O.L,0.005
00003.TO,0.005
WDC,0.0049
MFSU21.DE,0.0047999998
PAH3.PA,0.0047999998
HI,0.0047999998
CABO,0.0047
LAND,0.0047
7735,0.0047
AMRC,0.0046
PH,0.0046
TUP,0.0046
H,0.0046
AUTO.L,0.0044
TGH,0.0044
7936,0.0044
CM,0.0043
PUB,0.0043
WMK,0.0043
NESN.TO,0.0042
3289,0.0041
00006.TO,0.0039
EXLS,0.0038
EMA,0.0037
MORF,0.0037
CLAR,0.0037
PB,0.0036000002
PRFT,0.0034999999
WHL.JO,0.0034999999
PVAC,0.0034999999
MRP.JO,0.0034
WHR,0.0034
CPRX,0.0033000002
4966,0.0033000002
5483.TW,0.0033000002
CCL.A,0.0033000002
VSTM,0.0032
ZION,0.0032
EVRI,0.0032
CYBE,0.0031
PERSISTENT,0.0031
NEXT,0.003
RAMP,0.0029
NVMI.TW,0.0027
OVID,0.0027
2337.TW,0.0026
034020,0.0026
028050.KS,0.0026
PLRX,0.0026
CORT,0.0025
BKD,0.0025
CCL.B.TO,0.0025
TFII.TO,0.0025
9107.DE,0.0023999999
RAVN,0.0023
01083,0.0023
SOFI,0.0023
3349,0.0023
011210.KS,0.0022
LEO.KS,0.0022
051600.KS,0.0022
4732,0.0022
NOD,0.0021
8956,0.0021
001230.DE,0.002
4751,0.002
000150.KS,0.002
7936.L,0.0019
KCO.TO,0.0019
TOU,0.0019
014680.KS,0.0019
LATO B,0.0019
6869,0.0019
IMI,0.0018000001
FBK.MI,0.0018000001
3391,0.0018000001
120110.KS,0.0018000001
S63.SI,0.0017
AAN,0.0017
FCBP,0.0016
HVT,0.0016
IIIN,0.0016
EBSB,0.0016
HT,0.0015
